Fecha, Pp, T. Máx, T. Mín, T. Med, VV Máx, VV, DWW, DV, Rag. G, HR, ET, EP 
1/10/2015 ,0.0,26.2,10.7,18.51,8.3,3.20,77.80 NE,78.50 NE,473.59,52.56,4.0,5.1,
2/10/2015 ,0.0,26.9,7.3,17.88,6.4,2.31,92.70 E,60.00 NE,511.21,48.77,4.4,5.3,
3/10/2015 ,0.0,26.3,8.1,17.67,8.2,2.10,218.90 S,266.70 SO,452.91,45.89,3.9,4.9,
4/10/2015 ,0.3,23.0,12.1,17.56,10.5,3.86,211.40 S,232.10 SO,257.35,66.97,2.1,3.1,
5/10/2015 ,0.1,27.1,10.7,18.15,8.9,2.29,219.30 S,256.10 SO,450.13,69.54,3.6,4.4,
6/10/2015 ,0.0,28.9,11.4,18.72,7.8,1.99,319.80 NO,30.50 N,450.26,65.88,3.6,4.5,
7/10/2015 ,4.1,27.7,14.0,18.24,13.3,2.21,330.80 NO,185.80 S,382.43,70.75,2.9,3.9,
8/10/2015 ,0.2,25.5,11.9,18.25,5.2,1.24,226.70 SO,261.10 SO,404.32,69.74,3.0,3.9,
Totales,4.7,26.45000,10.77500,18.122500,8.57500,2.400000,212.18 S,171.35 SE,422.775000,61.262500,27.5,35.1,
